"fWY","WYClass","Station","meanCPUE","sdCPUE","n","se"
2017,"Wet","SHR",1.09361538461538,0.960082166355488,26,0.188287603880733
2017,"Wet","STTD",17.603,39.6702492938283,30,7.24276346669438
2018,"Average","SHR",5.04011111111111,6.31171186295965,27,1.2146895143757
2018,"Average","STTD",3.5044,8.02360206154974,20,1.79413196340327
2019,"Wet","SHR",3.28709523809524,6.47870761730117,21,1.41376990770331
2019,"Wet","STTD",14.00125,23.4004462190361,20,5.23249884495926
